segment_name,n,avg_clv,avg_flights,churn_rate,churn_prob,avg_tenure,avg_consistency
Champions,3247,13754.89165999384,38.50785340314136,0.016014782876501387,0.01782671183656709,46.41638435478904,1.194986514358242
Loyal Actives,2016,8193.292921626984,5.045634920634921,1.0,0.9698082010582011,45.22172619047619,0.15700156325156325
At-Risk Valuables,765,7955.918967320261,54.0483660130719,0.10718954248366012,0.10499346405228757,9.16470588235294,0.5807387601505248
Occasional Flyers,3267,7443.36132231405,13.739822467095195,0.026323844505662688,0.038205285174982145,8.971839608203245,0.41960467855784656
Dormant / Lost,7442,5660.657097554421,38.61408223595807,0.014109110454178984,0.016002866612917676,48.73636119322763,1.2000358326614708
